{
    "Type": "wav",
    "Demographic12to17" : ["1-12-17.wav","2-12-17.wav","3-12-17.wav","4-12-17.wav","5-12-17.wav","6-12-17.wav"],
    "Demographic18to24" : ["1-12-17.wav","2-12-17.wav","3-12-17.wav","4-12-17.wav","5-12-17.wav","6-12-17.wav"],
    "Demographic25to34" : ["1-12-17.wav","2-12-17.wav","3-12-17.wav","4-12-17.wav","5-12-17.wav","6-12-17.wav"],
    "Demographic35to44" : ["1-12-17.wav","2-12-17.wav","3-12-17.wav","4-12-17.wav","5-12-17.wav","6-12-17.wav"],
    "Demographic55to64" : ["1-55-64.wav","2-55-64.wav","3-55-64.wav","4-55-64.wav"]
}